EI-DYA,BOEING 737-8AS,33631
EI-DYC,BOEING 737-8AS,36567
EI-DYD,BOEING 737-8AS,33632
EI-DYE,BOEING 737-8AS,36568
EI-DYL,BOEING 737-8AS,36574
EI-DYO,BOEING 737-8AS,33636
EI-DYR,BOEING 737-8AS,37513
EI-DYV,BOEING 737-8AS,37512
EI-DYW,BOEING 737-8AS,33635
EI-DYX,BOEING 737-8AS,37517
EI-DYY,BOEING 737-8AS,37521
EI-EBC,BOEING 737-8AS,37520
EI-EBD,BOEING 737-8AS,37522
EI-EBE,BOEING 737-8AS,37523
EI-EBF,BOEING 737-8AS,37524
EI-EBG,BOEING 737-8AS,37525
EI-EBK,BOEING 737-8AS,37528
EI-EBL,BOEING 737-8AS,37529
EI-EBN,BOEING 737-8AS,35003
EI-EBO,BOEING 737-8AS,35004
EI-EBP,BOEING 737-8AS,37531
EI-EBR,BOEING 737-8AS,37530
EI-EBS,BOEING 737-8AS,35001
EI-EBV,BOEING 737-8AS,35009
EI-EBW,BOEING 737-8AS,35010
EI-EBX,BOEING 737-8AS,35007
EI-EBY,BOEING 737-8AS,35006
EI-EBZ,BOEING 737-8AS,35008
EI-EFD,BOEING 737-8AS,35011
EI-EFE,BOEING 737-8AS,37533
EI-EFF,BOEING 737-8AS,35016
EI-EFG,BOEING 737-8AS,35014
EI-EFH,BOEING 737-8AS,35012
EI-EFI,BOEING 737-8AS,35013
EI-EFJ,BOEING 737-8AS,37536
EI-EFK,BOEING 737-8AS,37537
EI-EFN,BOEING 737-8AS,37538
EI-EFO,BOEING 737-8AS,37539
EI-EFX,BOEING 737-8AS,35019
EI-EFZ,BOEING 737-8AS,38489
EI-EGA,BOEING 737-8AS,38490
EI-EGB,BOEING 737-8AS,38491
EI-EGC,BOEING 737-8AS,38492
EI-EGD,BOEING 737-8AS,34981
EI-EKC,BOEING 737-8AS,38495
EI-EKD,BOEING 737-8AS,35024
EI-EKF,BOEING 737-8AS,35025
EI-EKG,BOEING 737-8AS,35021
EI-EKH,BOEING 737-8AS,38493
EI-EKI,BOEING 737-8AS,38496
EI-EKJ,BOEING 737-8AS,38497
EI-EKK,BOEING 737-8AS,38500
EI-EKL,BOEING 737-8AS,38498
EI-EKM,BOEING 737-8AS,38499
EI-EKN,BOEING 737-8AS,35026
EI-EKO,BOEING 737-8AS,35027
EI-EKP,BOEING 737-8AS,35028
EI-EKR,BOEING 737-8AS,38503
EI-EKR,BOEING 737-8AS,38503
EI-EKS,BOEING 737-8AS,38504
EI-EKT,BOEING 737-8AS,38505
EI-EKW,BOEING 737-8AS,38506
EI-EKX,BOEING 737-8AS,35030
EI-EKY,BOEING 737-8AS,35031
EI-EMA,BOEING 737-8AS,35032
EI-EMB,BOEING 737-8AS,38511
EI-EMC,BOEING 737-8AS,38510
EI-EMD,BOEING 737-8AS,38509
EI-EME,BOEING 737-8AS,35029
EI-EMF,BOEING 737-8AS,34978
EI-EMH,BOEING 737-8AS,34974
EI-EMI,BOEING 737-8AS,34979
EI-EMJ,BOEING 737-8AS,34975
EI-EMK,BOEING 737-8AS,38512
EI-EML,BOEING 737-8AS,38513
EI-EMM,BOEING 737-8AS,38514
EI-EMN,BOEING 737-8AS,38515
EI-EMO,BOEING 737-8AS,40283
EI-ENA,BOEING 737-8AS,34983
EI-ENE,BOEING 737-8AS,34976
EI-ENF,BOEING 737-8AS,35034
EI-ENG,BOEING 737-8AS,34977
EI-ENH,BOEING 737-8AS,35033
EI-ENI,BOEING 737-8AS,40300
EI-ENJ,BOEING 737-8AS,40301
EI-ENK,BOEING 737-8AS,40303
EI-ENL,BOEING 737-8AS,35037
EI-ENM,BOEING 737-8AS,35038
EI-ENN,BOEING 737-8AS,35036
EI-ENO,BOEING 737-8AS,40302
EI-ENP,BOEING 737-8AS,40304
EI-ENR,BOEING 737-8AS,35041
EI-ENT,BOEING 737-8AS,35040
EI-ENV,BOEING 737-8AS,35039
EI-ENW,BOEING 737-8AS,40306
EI-EPC,BOEING 737-8AS,40312
EI-EPD,BOEING 737-8AS,40310
EI-ESS,BOEING 737-8AS,35043
EI-EST,BOEING 737-8AS,34994
EI-ESV,BOEING 737-8AS,34993
EI-EVA,BOEING 737-8AS,40288
EI-EVB,BOEING 737-8AS,34982
EI-EVC,BOEING 737-8AS,40286
EI-EVE,BOEING 737-8AS,35035
EI-EVG,BOEING 737-8AS,40292
EI-EVH,BOEING 737-8AS,40290
EI-EVI,BOEING 737-8AS,38502
EI-EVJ,BOEING 737-8AS,38501
EI-EVK,BOEING 737-8AS,40298
EI-EVL,BOEING 737-8AS,40299
EI-EVM,BOEING 737-8AS,40296
EI-EVN,BOEING 737-8AS,40294
EI-EVO,BOEING 737-8AS,40297
EI-EVP,BOEING 737-8AS,40293
EI-EVR,BOEING 737-8AS,40295
EI-EVS,BOEING 737-8AS,40313
EI-EVT,BOEING 737-8AS,40315
EI-EVV,BOEING 737-8AS,40314
EI-EVX,BOEING 737-8AS,40317
EI-EXD,BOEING 737-8AS,40320
EI-EXE,BOEING 737-8AS,40321
EI-EXF,BOEING 737-8AS,40322
